  notation,bw(mm),a/d,d(mm),pl%,fck(Mpa),f´c(Mpa),Vu_Rep(kN)
Adebar_1989_001_ST1,360,2.92,278.0,1.569,48.50,50.10,127.5
Adebar_1989_002_ST2,360,2.92,278.0,1.569,48.50,50.10,118.7
Adebar_1989_003_ST3,290,2.92,278.0,1.947,45.30,46.90,107.7
Adebar_1989_005_ST16,290,4.56,178.0,3.041,47.50,49.10,75.1
Adebar_1989_007_ST23,290,2.92,278.0,0.992,54.90,56.50,89.9
AhmadKhaloo_1986_001_A1,127,4.00,203.2,3.927,58.39,59.99,58.3
AhmadKhaloo_1986_002_A2,127,3.00,203.2,3.927,58.39,59.99,69.3
AhmadKhaloo_1986_003_A3,127,2.70,203.2,3.927,58.39,59.99,69.3
AhmadKhaloo_1986_007_A7,127,4.00,208.0,1.768,58.39,59.99,47.2
AhmadKhaloo_1986_008_A8,127,3.00,208.0,1.768,58.39,59.99,49.3
AhmadKhaloo_1986_013_B1,127,4.00,201.7,5.034,64.71,66.31,51.7
AhmadKhaloo_1986_014_B2,127,3.00,201.7,5.034,64.71,66.31,69.3
AhmadKhaloo_1986_015_B3,127,2.70,201.7,5.034,64.71,66.31,100.4
AhmadKhaloo_1986_019_B7,127,4.00,208.0,2.248,64.71,66.31,45.0
AhmadKhaloo_1986_020_B8,127,3.00,208.0,2.248,64.71,66.31,47.1
AhmadKhaloo_1986_021_B9,127,2.70,208.0,2.248,64.71,66.31,80.4
AhmadKhaloo_1986_025_C1,127,4.00,184.2,6.635,61.97,63.57,54.7
AhmadKhaloo_1986_026_C2,127,3.00,184.2,6.635,61.97,63.57,76.0
AhmadKhaloo_1986_027_C3,127,2.70,184.2,6.635,61.97,63.57,69.3
AhmadKhaloo_1986_031_C7,127,4.00,206.5,3.260,61.97,63.57,45.8
AhmadKhaloo_1986_032_C8,127,3.00,206.5,3.260,61.97,63.57,44.9
AhmadKhaloo_1986_033_C9,127,2.70,206.5,3.260,61.97,63.57,45.7
AhmadPark_1995_007_B7N,102,3.70,178.0,1.395,39.63,41.23,26.7
AhmadPark_1995_015_B7H,102,3.70,178.0,1.395,74.09,75.69,26.9
AhmadPark_1995_016_B8H,102,3.70,178.0,1.395,76.84,78.44,26.9
AlAlusi_1957_002_12,76,2.50,127.0,2.618,21.17,22.77,27.0
AlAlusi_1957_003_11,76,3.40,127.0,2.618,24.62,26.22,17.4
AlAlusi_1957_004_2,76,3.40,127.0,1.473,23.88,25.48,14.4
AlAlusi_1957_005_21,76,3.40,127.0,2.618,25.24,26.84,24.1
AlAlusi_1957_006_15,76,4.00,127.0,2.618,21.24,22.84,17.2
AlAlusi_1957_008_10,76,4.00,127.0,2.618,24.62,26.22,14.7
AlAlusi_1957_009_4,76,4.00,127.0,1.473,22.55,24.15,13.9
AlAlusi_1957_010_13,76,4.00,127.0,2.618,24.72,26.32,17.0
AlAlusi_1957_012_18,76,4.50,127.0,2.618,22.90,24.50,14.0
AlAlusi_1957_015_7,76,4.50,127.0,2.618,21.45,23.05,13.5
AlAlusi_1957_016_24,76,4.50,127.0,2.618,24.48,26.08,15.4
AlAlusi_1957_017_16,76,4.50,127.0,2.618,24.14,25.74,14.8
AlAlusi_1957_018_17,76,5.50,127.0,2.618,25.59,27.19,13.8
AlAlusi_1957_019_8,76,5.50,127.0,2.618,22.28,23.88,13.4
AlAlusi_1957_020_19,76,5.50,127.0,4.091,26.62,28.22,14.0
AlAlusi_1957_021_25,76,5.50,127.0,2.618,22.00,23.60,13.5
AlAlusi_1957_022_9,76,6.50,127.0,2.618,27.72,29.32,14.1
AlAlusi_1957_023_20,76,6.50,127.0,4.091,23.28,24.88,15.0
AlAlusi_1957_025_23,76,7.40,127.0,4.091,24.21,25.81,14.0
Angelakos_2000_001_DB0530,300,2.88,925.0,0.505,28.00,29.60,167.9
Angelakos_2000_002_DB120,300,2.88,925.0,1.009,17.00,18.60,181.9
Angelakos_2000_003_DB130,300,2.88,925.0,1.009,28.00,29.60,187.9
Angelakos_2000_004_DB140,300,2.88,925.0,1.009,34.00,35.60,182.9
Angelakos_2000_005_DB165,300,2.88,925.0,1.009,61.00,62.60,187.9
Angelakos_2000_006_DB180,300,2.88,925.0,1.009,76.00,77.60,174.9
Angelakos_2000_007_DB230,300,2.97,895.0,2.086,28.00,29.60,259.9
Aster_1974_002_2,1000,3.68,250.0,0.640,22.92,24.52,221.6
Aster_1974_003_3,1000,3.68,250.0,0.912,23.32,24.92,226.1
Aster_1974_005_11,1000,3.65,500.0,0.456,20.58,22.18,279.7
Aster_1974_006_12,1000,3.65,500.0,0.652,23.32,24.92,342.5
Aster_1974_007_16,1000,3.67,750.0,0.419,26.36,27.96,432.6
Lubell_2004_001_AT-1 - East,2016,2.91,916.0,0.760,60.14,61.74,1194.2
Lubell_2004_002_AT-1 West,2016,2.91,916.0,0.760,60.60,62.20,1287.8
Lubell_2004_003_AT-2 / 250N,250,2.89,437.0,0.915,33.70,35.30,116.8
Lubell_2004_004_AT-2/ 250W,252,2.87,439.0,0.904,34.50,36.10,113.7
Lubell_2004_005_AT-2 /1000W,1002,2.87,439.0,0.909,35.00,36.60,479.3
Lubell_2004_006_AT-2/1000N,1002,2.88,438.0,0.911,33.90,35.50,448.0
Lubell_2004_007_AT-2/3000,3005,2.87,439.0,0.910,36.60,38.20,1308.4
Lubell_2004_008_AT-3/N1,697,3.26,307.0,0.935,33.50,35.10,240.2
Lubell_2004_009_AT-3/N2,706,3.27,306.0,0.926,33.10,34.70,261.3
Lubell_2004_010_AT-3/T1,700,3.27,306.0,0.934,33.80,35.40,256.4
Lubell_2004_011_AT-3/T2,706,3.26,307.0,0.923,33.10,34.70,252.3
Bernander_1957_001_A1,100,4.17,168.0,1.109,25.12,26.72,21.2
Bernander_1957_002_A2,100,4.17,168.0,1.167,25.12,26.72,23.7
Bernander_1957_003_A3,100,4.17,168.0,0.966,23.57,25.17,19.8
Bernander_1957_004_A4,100,4.17,168.0,1.109,25.12,26.72,21.6
Bernander_1957_005_A5,100,4.17,168.0,1.167,25.12,26.72,21.0
Bernander_1957_006_A6,100,4.17,168.0,0.966,23.57,25.17,17.3
Bernhardt_1986_001_S6A,150,2.52,159.0,2.634,78.11,79.71,95.8
Bernhardt_1986_003_S6C,150,2.52,159.0,2.634,78.11,79.71,115.8
Bernhardt_1986_004_S9A,150,3.46,159.0,5.269,78.11,79.71,80.7
Bernhardt_1986_005_S9B,150,3.46,159.0,5.269,78.11,79.71,65.7
Bernhardt_1986_006_S9C,150,3.46,159.0,5.269,93.11,94.71,68.7
Bhal_1968_001_B1,240,2.94,300.0,1.257,19.18,20.78,71.0
Bhal_1968_002_B2,240,2.94,600.0,1.257,25.60,27.20,119.5
Bhal_1968_003_B3,240,2.94,900.0,1.257,23.49,25.09,166.4
Bhal_1968_004_B4,240,2.94,1200.0,1.257,21.21,22.81,187.1
Bhal_1968_005_B5,240,2.94,600.0,0.628,22.59,24.19,106.9
Bhal_1968_006_B6,240,2.94,600.0,0.628,20.72,22.32,115.4
Bhal_1968_007_B7,240,2.94,900.0,0.628,23.24,24.84,140.0
Bhal_1968_008_B8,240,2.94,900.0,0.628,23.73,25.33,127.6
Bresler_1963_001_ 0A-1,310,3.80,461.0,1.805,18.55,20.15,170.7
Bresler_1963_002_0A-2,305,4.74,466.1,2.269,19.72,21.32,184.4
Bresler_1963_003_0A-3,307,6.77,461.5,2.727,33.59,35.19,195.8
Cladera_2002_001_H 50/1,200,2.90,360.0,2.234,45.90,47.50,99.7
Cladera_2002_002_H 50/5,200,2.90,360.0,2.234,45.90,47.50,129.7
Cladera_2002_003_H 60/1,200,2.90,360.0,2.234,56.80,58.40,108.1
Cladera_2002_004_H 75/1,200,2.90,360.0,2.234,64.90,66.50,99.9
Cladera_2002_005_H 100/1,200,2.90,360.0,2.234,83.00,84.60,117.9
Cladera_2002_006_H 100/5,200,2.90,360.0,2.234,83.00,84.60,140.1
Cao_2000_001_SB 2003/0,300,2.89,1845.0,1.518,23.45,25.05,418.4
Cao_2000_002_SB 2012/0,300,2.77,1925.0,0.364,26.05,27.65,238.9
Cederwall_1974_001_734-34,135,3.42,234.0,1.074,25.28,26.88,42.1
Chana_1981_001_2.1a,203,3.00,356.0,1.739,34.92,36.52,96.0
Chana_1981_001_2.1b,203,3.00,356.0,1.739,34.92,36.52,97.1
Chana_1981_002_2.2a,203,3.00,356.0,1.739,28.84,30.44,87.4
Chana_1981_002_2.2b,203,3.00,356.0,1.739,28.84,30.44,94.4
Chana_1981_003_2.3a,203,3.00,356.0,1.739,31.68,33.28,99.4
Chana_1981_003_2.3b,203,3.00,356.0,1.739,31.68,33.28,96.4
Chana_1981_004_3.1a,100,3.00,177.0,1.775,20.51,22.11,23.8
Chana_1981_004_3.1b,100,3.00,177.0,1.775,20.51,22.11,23.9
Chana_1981_005_3.2a,100,3.00,177.0,1.775,22.15,23.75,24.5
Chana_1981_005_3.2b,100,3.00,177.0,1.775,22.15,23.75,25.5
Chana_1981_006_3.3a,100,3.00,177.0,1.775,24.49,26.09,26.5
Chana_1981_006_3.3b,100,3.00,177.0,1.775,24.49,26.09,23.2
Chana_1981_007_D1,100,3.00,177.0,1.775,18.45,20.05,22.1
Chana_1981_008_D2,100,3.00,177.0,1.775,19.02,20.62,23.4
Chana_1981_009_D3,100,3.00,177.0,1.775,27.76,29.36,21.4
Chana_1981_010_4.1a,60,3.00,106.0,1.778,16.82,18.42,9.8
Chana_1981_010_4.1b,60,3.00,106.0,1.778,16.82,18.42,8.7
Chana_1981_011_4.2a,60,3.00,106.0,1.778,16.82,18.42,9.0
Chana_1981_011_4.2b,60,3.00,106.0,1.778,16.82,18.42,9.7
Chana_1981_012_4.3a,60,3.00,106.0,1.778,31.17,32.77,11.7
Chana_1981_012_4.3b,60,3.00,106.0,1.778,31.17,32.77,12.4
Chana_1981_013_4.4a,60,3.00,106.0,1.778,31.17,32.77,9.6
Chana_1981_013_4.4b,60,3.00,106.0,1.778,31.17,32.77,10.5
Chang_1958_001_IA1,102,4.09,136.7,2.890,23.59,25.19,19.9
Chang_1958_003_IB1,102,2.60,136.7,1.860,23.59,25.19,19.6
Chang_1958_005_IC1,102,3.35,136.7,2.370,23.59,25.19,19.6
Chang_1958_006_IC2,102,3.35,136.7,2.370,23.59,25.19,17.8
Chang_1958_009_IIB1,102,4.09,136.7,2.370,13.66,15.26,16.6
Chang_1958_011_IIC1,102,2.60,136.7,2.890,13.66,15.26,17.8
Chang_1958_027_4-21a,102,3.72,136.7,1.860,34.62,36.22,21.1
Chang_1958_029_4-22a,102,3.72,136.7,1.860,27.86,29.46,21.4
Chang_1958_031_4-23a,102,3.72,136.7,1.860,28.21,29.81,21.6
Chang_1958_037_5-21a,102,3.72,136.7,2.890,28.21,29.81,28.9
Chang_1958_038_5-21b,102,3.72,136.7,2.890,28.21,29.81,27.5
Chang_1958_039_5-22a,102,3.72,136.7,2.890,27.17,28.77,22.4
Chang_1958_040_5-22b,102,3.72,136.7,2.890,27.17,28.77,25.9
Chang_1958_041_5-23a,102,3.72,136.7,2.890,28.07,29.67,24.5
Chang_1958_042_5-23b,102,3.72,136.7,2.890,28.07,29.67,23.4
Collins_1999_001_B100,300,2.88,925.0,1.009,32.00,33.60,227.9
Collins_1999_002_B100H,300,2.88,925.0,1.009,94.00,95.60,193.0
Collins_1999_003_B100B,300,2.88,925.0,1.009,35.00,36.60,206.9
Collins_1999_004_B100L,300,2.88,925.0,1.009,35.00,36.60,225.9
Collins_1999_005_B100-R,300,2.88,925.0,1.009,32.00,33.60,251.9
Collins_1999_006_B100HE,300,2.88,925.0,1.009,94.00,95.60,219.9
Collins_1999_007_B100L-R,300,2.88,925.0,1.009,35.00,36.60,237.9
DiazdeCossio_1960_002_A-2,152,3.30,254.0,0.982,27.52,29.12,42.4
DiazdeCossio_1960_003_A-3,152,4.30,254.0,0.982,15.45,17.05,34.9
DiazdeCossio_1960_007_A-12,152,3.30,254.0,3.331,22.69,24.29,59.5
DiazdeCossio_1960_008_A-13,152,4.30,254.0,3.331,18.14,19.74,47.6
DiazdeCossio_1960_009_A-14,152,5.30,254.0,3.331,23.52,25.12,55.5
Drangsholt_1990_001_B11,150,3.00,221.0,1.820,50.00,51.60,58.1
Drangsholt_1990_003_B13,150,4.00,207.0,3.238,50.00,51.60,70.5
Drangsholt_1990_004_B14,150,3.00,207.0,3.238,50.00,51.60,82.6
Drangsholt_1990_006_B21,150,3.00,221.0,1.820,73.78,75.38,67.9
Drangsholt_1990_008_B23,150,4.00,207.0,3.238,73.78,75.38,77.8
Drangsholt_1990_009_B24,150,3.00,207.0,3.238,73.78,75.38,82.6
Drangsholt_1990_016_B43,150,4.00,207.0,3.238,82.44,84.04,86.2
Drangsholt_1990_017_B44,150,3.00,207.0,3.238,82.44,84.04,107.2
Drangsholt_1990_019_B51,150,3.00,221.0,1.820,93.70,95.30,56.2
Drangsholt_1990_021_B53,150,4.00,207.0,3.238,93.70,95.30,76.8
Drangsholt_1990_022_B54,150,3.00,207.0,3.238,93.70,95.30,77.7
Drangsholt_1990_024_B61,300,3.00,442.0,1.820,73.77,75.37,180.3
Drangsholt_1990_026_B63,300,4.00,414.0,3.238,73.77,75.37,229.4
Drangsholt_1990_027_B64,300,3.00,414.0,3.238,73.77,75.37,280.7
Elzanaty_1986_002_F11,178,4.00,269.9,1.188,16.69,18.29,43.7
Elzanaty_1986_003_F12,178,4.00,268.3,2.440,16.69,18.29,53.2
Elzanaty_1986_004_F8,178,4.00,273.1,0.930,36.00,37.60,44.7
Elzanaty_1986_005_F13,178,4.00,269.9,1.188,36.00,37.60,47.6
Elzanaty_1986_006_F14,178,4.00,268.3,2.440,36.00,37.60,63.4
Elzanaty_1986_007_F1,178,4.00,269.9,1.188,61.52,63.12,57.4
Elzanaty_1986_008_F2,178,4.00,268.3,2.440,61.52,63.12,65.6
Elzanaty_1986_009_F10,178,4.00,266.7,3.206,61.52,63.12,74.9
Elzanaty_1986_010_F9,178,4.00,268.3,1.627,75.31,76.91,62.3
Elzanaty_1986_011_F15,178,4.00,268.3,2.440,75.31,76.91,66.3
Elzanaty_1986_015_F6,178,6.00,268.3,2.440,59.45,61.05,60.0
Feldman_1955_002_ L-2,152,3.02,252.5,3.353,17.52,19.12,76.4
Feldman_1955_003_ L-2A,152,3.02,252.5,3.353,32.69,34.29,80.9
Feldman_1955_004_ L-3,152,4.02,252.5,3.353,24.00,25.60,54.3
Feldman_1955_005_L-4,152,5.03,252.5,3.353,21.79,23.39,52.0
Feldman_1955_006_ L-5,152,6.04,252.5,3.353,23.93,25.53,52.2
Feldman_1955_009_L2R,152,2.87,252.5,3.353,17.52,19.12,74.8
Feldman_1955_010_L2aR,152,2.87,252.5,3.353,32.69,34.29,93.0
Feldman_1955_011_L3R,152,3.87,252.5,3.353,24.00,25.60,62.4
Ferguson_1953_001_A1,102,3.39,209.6,4.760,25.72,27.32,29.0
Ferguson_1953_002_A2,102,3.39,209.6,4.760,23.31,24.91,27.0
Ferguson_1953_003_A3,102,3.39,209.6,4.760,31.10,32.70,33.6
Ferguson_1953_004_A4,102,3.39,209.6,4.760,30.97,32.57,31.6
Ferguson_1953_005_A5,102,3.39,209.6,4.760,41.38,42.98,33.8
Ferguson_1953_006_A6,102,3.39,209.6,4.760,34.69,36.29,35.6
Ferguson_1953_007_D1,178,3.39,209.6,2.720,27.31,28.91,48.7
Ferguson_1953_008_D2,178,3.39,209.6,2.720,25.59,27.19,52.0
Ferguson_1953_009_N1,108,4.00,177.8,2.970,16.69,18.29,23.8
Ferguson_1953_010_N2,108,4.00,177.8,2.970,16.62,18.22,23.9
Ferguson_1953_011_N3,108,4.00,177.8,2.970,13.52,15.12,21.5
Ferguson_1953_012_G4,108,6.22,114.3,4.620,18.90,20.50,14.0
Ferguson_1953_013_G5,108,6.22,114.3,4.620,17.72,19.32,15.8
Ferguson_1953_014_G6,108,6.22,114.3,4.620,17.86,19.46,17.6
Ferguson_1953_015_B1,102,3.39,209.6,4.760,31.69,33.29,35.5
Ferguson_1953_016_B2,102,3.39,209.6,4.760,29.52,31.12,31.6
Ferguson_1953_017_B3,102,3.39,209.6,4.760,36.00,37.60,39.4
Ferguson_1953_018_B4,102,3.39,209.6,4.760,39.38,40.98,43.9
Ferguson_1953_019_B5,102,3.39,209.6,4.760,37.03,38.63,38.3
Ferguson_1953_020_C1,102,3.39,209.6,4.760,29.52,31.12,50.1
Ferguson_1953_021_C2,102,3.39,209.6,4.760,29.52,31.12,38.8
Ferguson_1953_022_L1,108,4.48,158.8,3.326,17.72,19.32,27.4
Ferguson_1953_023_L2,108,4.48,158.8,3.326,18.62,20.22,29.8
Ferguson_1953_024_L3,108,4.48,158.8,3.326,18.21,19.81,27.4
Ferguson1_1956_001_F2,101,3.23,189.0,2.077,25.31,26.91,22.2
Gabrielsson_1993_002_SAR3,200,4.23,260.0,3.093,133.00,134.60,108.0
Gabrielsson_1993_003_HP1,200,4.00,200.0,3.016,135.00,136.60,109.1
Gabrielsson_1993_004_HP3,200,4.00,200.0,4.021,121.00,122.60,102.1
Gabrielsson_1993_005_HP5,200,4.00,200.0,4.021,104.00,105.60,109.6
Ghannoum_1998_003_N155 (N),400,2.50,127.5,1.961,30.19,31.79,111.9
Ghannoum_1998_004_N155 (S),400,2.50,127.5,1.176,30.19,31.79,84.6
Ghannoum_1998_005_N220 (N),400,2.50,190.0,1.974,30.19,31.79,122.7
Ghannoum_1998_006_N220 (S),400,2.50,190.0,1.184,30.19,31.79,103.6
Ghannoum_1998_007_N350 (N),400,2.50,312.5,2.000,30.19,31.79,178.6
Ghannoum_1998_008_N350 (S),400,2.50,312.5,1.200,30.19,31.79,158.0
Ghannoum_1998_009_N485 (N),400,2.50,440.0,1.989,30.19,31.79,215.4
Ghannoum_1998_010_N485 (S),400,2.50,440.0,1.193,30.19,31.79,187.5
Ghannoum_1998_011_N960 (N),400,2.50,889.0,1.969,30.19,31.79,386.1
Ghannoum_1998_012_N960 (S),400,2.50,889.0,1.181,30.19,31.79,366.6
Ghannoum_1998_013_H90 (N),400,2.50,65.0,1.923,54.55,56.15,77.4
Ghannoum_1998_014_H90 (S),400,2.50,65.0,1.154,54.55,56.15,52.1
Ghannoum_1998_015_H155 (N),400,2.50,127.5,1.961,54.55,56.15,105.0
Ghannoum_1998_016_H155 (S),400,2.50,127.5,1.176,54.55,56.15,76.7
Ghannoum_1998_017_H220 (N),400,2.50,190.0,1.974,54.55,56.15,135.3
Ghannoum_1998_018_H220 (S),400,2.50,190.0,1.184,54.55,56.15,105.9
Ghannoum_1998_019_H350 (N),400,2.50,312.5,2.000,54.55,56.15,189.6
Ghannoum_1998_020_H350 (S),400,2.50,312.5,1.200,54.55,56.15,157.3
Ghannoum_1998_021_H485 (N),400,2.50,440.0,1.989,54.55,56.15,199.0
Ghannoum_1998_022_H485 (S),400,2.50,440.0,1.193,54.55,56.15,198.5
Ghannoum_1998_023_H960 (N),400,2.50,889.0,1.969,54.55,56.15,337.4
Ghannoum_1998_024_H960 (S),400,2.50,889.0,1.181,54.55,56.15,316.7
Grimm_1997_001_S 1.1,300,3.73,153.0,1.342,86.10,87.70,70.2
Grimm_1997_002_S 1.2,300,3.75,152.0,2.205,87.20,88.80,75.2
Grimm_1997_003_S 1.3,300,3.90,146.0,4.217,89.70,91.30,98.6
Grimm_1997_004_S 2.2,300,3.53,348.0,1.881,87.25,88.85,191.1
Grimm_1997_005_S 2.4,300,3.75,328.0,3.755,90.10,91.70,230.3
Grimm_1997_006_S 3.2,300,3.66,718.0,1.715,89.73,91.33,258.5
Grimm_1997_007_S 3.3,300,3.53,746.0,0.825,90.40,92.00,201.4
Grimm_1997_008_S 3.4,300,3.81,690.0,3.570,90.10,91.70,380.9
Grimm_1997_009_S 4.1,300,3.73,153.0,1.342,106.90,108.50,74.4
Grimm_1997_010_S 4.2,300,3.75,152.0,2.205,106.90,108.50,90.3
Grimm_1997_011_S 4.3,300,3.90,146.0,4.217,106.90,108.50,122.2
Haddadin_1971_001_A1,178,2.50,381.0,3.807,25.48,27.08,116.8
Haddadin_1971_002_C1,178,4.25,381.0,3.807,21.93,23.53,87.3
Haddadin_1971_003_E1,178,2.50,381.0,3.807,9.93,11.53,99.5
Haddadin_1971_004_J1,178,2.50,381.0,3.807,21.66,23.26,122.4
Hallgreen1_1994_001_B90SB5-2-33,156,3.66,191.3,2.272,28.80,30.40,56.6
Hallgreen1_1994_002_B90SB6-2-33,156,3.61,193.9,2.241,28.80,30.40,54.1
Hallgreen1_1994_003_B90SB9-2-31,156,3.65,191.8,2.266,27.10,28.70,49.6
Hallgreen1_1994_004_B90SB10-2-31,157,3.63,192.8,2.202,27.10,28.70,54.1
Hallgreen1_1994_005_B90SB13-2-86,163,3.65,191.8,2.169,82.20,83.80,83.1
Hallgreen1_1994_006_B90SB14-2-86,158,3.61,193.9,2.213,82.20,83.80,77.1
Hallgreen1_1994_007_B90SB17-2-45,157,3.66,191.3,2.258,40.90,42.50,59.6
Hallgreen1_1994_008_B90SB18-2-45,155,3.61,193.9,2.256,40.90,42.50,63.6
Hallgreen1_1994_009_B90SB21-2-85,155,3.61,193.9,2.256,80.60,82.20,69.6
Hallgreen1_1994_010_B90SB22-2-85,158,3.63,192.8,2.225,80.60,82.20,76.1
Hallgreen1_1994_011_B91SC1-2-62,156,3.63,192.8,2.254,57.80,59.40,71.6
Hallgreen1_1994_012_B91SC2-2-62,155,3.57,196.1,2.231,57.80,59.40,70.1
Hallgreen1_1994_013_B91SC3-2-69,155,3.61,193.9,2.256,65.10,66.70,77.1
Hallgreen1_1994_014_B91SC4-2-69,156,3.59,195.0,2.229,65.10,66.70,74.6
Hallgreen1_1994_015_B91SD1-4-61,156,3.61,193.9,3.987,56.80,58.40,89.1
Hallgreen1_1994_016_B91SD2-4-61,156,3.59,195.0,3.965,56.80,58.40,90.5
Hallgreen1_1994_017_B91SD3-4-66,156,3.59,195.0,3.965,61.70,63.30,82.1
Hallgreen1_1994_018_B91SD4-4-66,155,3.59,195.0,3.990,61.70,63.30,79.6
Hallgreen1_1994_019_B91SD5-4-58,156,3.58,195.5,3.954,54.30,55.90,78.5
Hallgreen1_1994_020_B91SD6-4-58,150,3.58,195.5,4.112,54.30,55.90,83.1
Hallgreen2_1996_003_B3,262,2.64,208.0,0.738,88.40,90.00,76.1
Hallgreen2_1996_005_B5,283,2.61,211.0,1.052,87.30,88.90,104.2
Hallgreen2_1996_007_B7,337,2.64,208.0,0.574,81.00,82.60,89.3
Hamadi_1976_001_G1,100,3.39,370.0,1.698,26.34,27.94,45.0
Hamadi_1976_002_G2,100,3.37,372.0,1.081,19.52,21.12,41.4
Hamadi_1976_004_G4a,100,5.90,372.0,1.081,17.96,19.56,31.0
Hamadi_1976_005_G4b,100,3.44,372.0,1.081,16.96,18.56,38.9
Hanson1_1958_001_8A-X,152,2.48,266.7,2.493,21.52,23.12,81.2
Hanson1_1958_002_8A,152,2.48,266.7,2.493,23.72,25.32,58.4
Hanson1_1958_003_8B,152,2.48,266.7,2.493,33.10,34.70,91.1
Hanson1_1958_004_8C,152,2.48,266.7,4.987,54.00,55.60,128.0
Hanson1_1958_005_8D,152,2.48,266.7,4.987,69.66,71.26,166.2
Hanson2_1961_001_8A4,152,4.95,266.7,1.247,16.90,18.50,34.8
Hanson2_1961_002_8B4,152,4.95,266.7,1.247,26.97,28.57,43.8
Hanson2_1961_003_8BW4,152,4.95,266.7,1.247,25.66,27.26,41.0
Hanson2_1961_004_8B2,152,4.95,266.7,3.505,26.83,28.43,53.4
Hanson2_1961_005_8B3,152,2.48,266.7,1.247,26.14,27.74,46.8
Hedmann_1978_001_A4,152,4.95,267.0,1.249,15.89,17.49,33.8
Hedmann_1978_002_B4,152,4.95,267.0,1.249,25.45,27.05,42.8
Hedmann_1978_003_BW4,152,4.95,267.0,1.249,24.18,25.78,40.0
Hedmann_1978_004_B2,152,4.95,267.0,2.220,25.29,26.89,52.4
Islam_1998_001_M100-S0,150,3.94,203.0,3.224,79.30,80.90,65.0
Islam_1998_002_M80-S0,150,3.94,203.0,3.224,68.20,69.80,58.0
Islam_1998_003_M60-S0,150,3.86,207.0,2.024,46.80,48.40,45.5
Islam_1998_004_M40-S0,150,3.90,205.0,3.193,30.40,32.00,55.0
Islam_1998_005_M25-S0,150,3.86,207.0,2.024,22.60,24.20,47.5
Johnson_1989_001_6,305,3.10,538.7,2.489,51.86,53.46,197.0
Kani_1967_001_40,152,5.35,139.7,2.589,22.41,24.01,32.0
Kani_1967_002_41,152,2.41,141.2,2.608,23.24,24.84,51.4
Kani_1967_003_43,151,5.93,137.2,2.734,24.00,25.60,29.1
Kani_1967_007_47,151,5.13,132.1,2.844,20.76,22.36,28.2
Kani_1967_008_48,151,5.09,133.4,2.817,20.76,22.36,27.1
Kani_1967_009_52,152,3.93,138.4,2.691,20.83,22.43,28.9
Kani_1967_012_55,150,3.02,134.6,2.805,21.10,22.70,32.6
Kani_1967_013_56,153,3.46,137.4,2.667,23.24,24.84,28.0
Kani_1967_014_57,153,5.39,138.7,2.612,22.41,24.01,31.6
Kani_1967_015_58,152,3.44,138.4,2.661,23.24,24.84,28.9
Kani_1967_016_59,154,2.67,139.7,2.632,22.62,24.22,50.2
Kani_1967_017_60,155,2.93,138.7,2.642,22.76,24.36,39.3
Kani_1967_018_81,153,5.93,274.3,2.759,23.52,25.12,51.2
Kani_1967_020_83,156,3.00,271.3,2.745,23.45,25.05,64.9
Kani_1967_021_84,151,4.00,271.0,2.835,23.45,25.05,55.4
Kani_1967_023_91,154,6.06,268.7,2.705,23.45,25.05,51.0
Kani_1967_025_93,155,6.46,272.8,2.656,26.28,27.88,53.8
Kani_1967_027_95,153,2.47,275.1,2.752,21.31,22.91,72.7
Kani_1967_028_96,153,3.94,275.1,2.756,21.31,22.91,56.3
Kani_1967_029_97,152,2.95,276.4,2.681,23.24,24.84,62.5
Kani_1967_030_98,153,2.47,274.6,2.685,22.21,23.81,76.3
Kani_1967_031_99,152,2.50,271.8,2.726,22.21,23.81,77.2
Kani_1967_034_63,154,4.00,542.8,2.771,22.21,23.81,93.2
Kani_1967_035_64,156,8.03,540.5,2.751,21.72,23.32,79.0
Kani_1967_036_65,150,2.46,552.5,2.818,22.97,24.57,112.3
Kani_1967_037_66,156,6.01,541.3,2.747,22.41,24.01,90.7
Kani_1967_041_71,155,2.99,544.1,2.663,23.38,24.98,102.1
Kani_1967_043_74,152,3.12,523.2,2.840,23.24,24.84,107.6
Kani_1967_044_75,152,3.11,524.0,2.836,23.31,24.91,107.9
Kani_1967_045_76,152,2.63,517.7,2.870,26.76,28.36,114.8
Kani_1967_046_79,153,6.84,556.3,2.719,22.14,23.74,83.6
Kani_1967_048_3042,154,2.50,1094.7,2.703,22.41,24.01,236.9
Kani_1967_049_3043,154,3.00,1092.2,2.714,22.97,24.57,165.0
Kani_1967_050_3044,152,3.98,1097.3,2.724,25.52,27.12,159.0
Kani_1967_051_3045,155,5.00,1092.2,2.699,24.28,25.88,152.3
Kani_1967_052_3046,155,7.00,1097.3,2.702,22.69,24.29,154.1
Kani_1967_053_3047,155,8.00,1094.7,2.685,22.69,24.29,147.0
Kani_1967_054_271,611,6.07,268.7,2.746,22.97,24.57,217.2
Kani_1967_055_272,611,5.02,270.8,2.726,22.97,24.57,227.7
Kani_1967_056_273,612,4.01,271.3,2.716,23.17,24.77,206.1
Kani_1967_057_274,612,3.02,270.3,2.726,23.17,24.77,250.1
KaniHuggins_1979_002_266,153,2.48,271.5,0.498,14.07,15.67,32.5
KaniHuggins_1979_003_267,153,3.53,269.2,0.515,16.69,18.29,24.5
KaniHuggins_1979_004_268,153,2.96,275.3,0.491,16.07,17.67,27.2
KaniHuggins_1979_007_246,153,3.47,274.3,0.507,23.59,25.19,25.4
KaniHuggins_1979_008_248,153,2.41,281.9,0.493,23.59,25.19,37.1
KaniHuggins_1979_015_179,153,2.57,264.2,0.526,28.34,29.94,33.6
KaniHuggins_1979_016_180,153,3.53,269.2,0.515,30.48,32.08,24.9
KaniHuggins_1979_019_143,154,3.96,274.3,0.744,13.66,15.26,30.2
KaniHuggins_1979_025_149,153,2.50,271.5,0.778,14.00,15.60,43.7
KaniHuggins_1979_026_150,153,2.48,273.1,0.770,14.00,15.60,46.2
KaniHuggins_1979_027_151,154,2.49,272.5,0.777,15.31,16.91,35.6
KaniHuggins_1979_028_152,149,3.02,270.0,0.790,15.66,17.26,32.5
KaniHuggins_1979_029_153,152,2.99,272.5,0.763,15.66,17.26,32.8
KaniHuggins_1979_031_103,155,2.97,273.8,0.738,25.45,27.05,38.8
KaniHuggins_1979_033_105,152,2.50,271.8,0.773,22.21,23.81,41.5
KaniHuggins_1979_034_106,154,2.53,267.7,0.762,24.76,26.36,44.6
KaniHuggins_1979_035_107,154,5.08,267.0,0.761,22.55,24.15,25.6
KaniHuggins_1979_039_111,154,2.49,272.0,0.757,23.03,24.63,43.3
KaniHuggins_1979_040_112,153,2.48,273.1,0.759,23.03,24.63,39.4
KaniHuggins_1979_043_115,152,2.50,271.5,0.770,22.21,23.81,45.3
KaniHuggins_1979_044_116,152,3.01,271.0,0.776,22.41,24.01,39.3
KaniHuggins_1979_048_163,156,2.49,272.5,0.756,31.38,32.98,40.5
KaniHuggins_1979_049_163',152,2.50,271.8,0.780,31.38,32.98,38.0
KaniHuggins_1979_052_166,152,3.01,271.3,0.781,31.38,32.98,40.3
KaniHuggins_1979_053_166',154,2.97,274.3,0.759,31.38,32.98,38.3
KaniHuggins_1979_058_121,152,2.99,272.3,1.850,16.34,17.94,48.9
KaniHuggins_1979_059_122,150,3.94,275.6,1.843,15.86,17.46,38.8
KaniHuggins_1979_060_123,155,4.00,271.3,1.790,11.38,12.98,37.8
KaniHuggins_1979_061_124,154,5.00,271.3,1.802,11.38,12.98,32.0
KaniHuggins_1979_062_126,155,2.99,272.3,1.783,12.28,13.88,42.7
KaniHuggins_1979_066_130,153,5.41,275.6,1.785,14.00,15.60,40.0
KaniHuggins_1979_067_131,151,2.48,274.1,1.854,14.14,15.74,49.6
KaniHuggins_1979_068_132,154,2.51,270.8,1.814,14.48,16.08,52.0
KaniHuggins_1979_069_133,154,4.97,273.3,1.810,15.86,17.46,38.5
KaniHuggins_1979_076_27,152,2.50,271.3,1.873,25.79,27.39,51.4
KaniHuggins_1979_077_28,152,2.50,271.3,1.873,25.17,26.77,54.3
KaniHuggins_1979_078_29,152,4.50,271.3,1.873,20.55,22.15,42.9
KaniHuggins_1979_079_30,152,4.50,271.3,1.873,21.17,22.77,46.3
KaniHuggins_1979_084_35,155,3.53,269.5,1.820,22.07,23.67,44.9
KaniHuggins_1979_085_36,153,3.49,273.1,1.823,22.07,23.67,51.6
KaniHuggins_1979_087_182,155,5.05,268.5,1.802,29.93,31.53,48.8
KaniHuggins_1979_090_186,155,3.99,271.8,1.780,31.10,32.70,55.4
KaniHuggins_1979_093_191,154,2.96,275.1,1.801,30.00,31.60,53.1
KaniHuggins_1979_095_193,153,2.44,277.6,1.803,30.62,32.22,56.7
KaniHuggins_1979_096_194,154,2.93,277.6,1.797,30.62,32.22,51.2
KaniHuggins_1979_097_195,153,3.94,275.3,1.821,30.62,32.22,47.3
KaniHuggins_1979_099_197,150,2.48,273.6,1.835,32.00,33.60,53.4
KaniHuggins_1979_104_202,154,5.97,272.5,2.680,29.93,31.53,49.9
KaniHuggins_1979_108_206,152,2.51,270.3,2.726,31.17,32.77,100.3
KaniHuggins_1979_110_208,157,4.44,275.1,2.679,31.72,33.32,60.0
KaniHuggins_1979_112_210,154,2.50,271.8,2.675,31.17,32.77,79.0
KaniHuggins_1979_113_211,153,3.02,269.7,2.733,31.17,32.77,57.2
KaniHuggins_1979_114_212,155,2.98,273.3,2.662,31.17,32.77,60.5
KaniHuggins_1979_115_213,154,4.44,275.6,2.657,32.69,34.29,57.4
KaniHuggins_1979_116_214,153,2.50,271.8,2.708,32.00,33.60,81.8
KaniHuggins_1979_117_215,154,2.48,273.6,2.673,32.00,33.60,65.8
KaniHuggins_1979_119_709,152,4.87,279.1,2.717,22.83,24.43,52.0
KaniHuggins_1979_120_666,155,2.95,276.6,2.697,25.31,26.91,63.4
KaniHuggins_1979_121_675,152,2.95,276.9,2.740,22.62,24.22,56.7
KaniHuggins_1979_122_718,152,4.85,280.2,2.721,22.55,24.15,54.3
KaniHuggins_1979_123_742,152,5.02,270.8,2.801,30.90,32.50,54.5
KaniHuggins_1979_124_744,152,5.05,269.0,2.820,32.55,34.15,52.5
KaniHuggins_1979_125_746,152,5.06,268.2,2.828,27.03,28.63,53.2
KaniHuggins_1979_127_502,152,2.83,287.0,2.643,21.38,22.98,49.6
KaniHuggins_1979_129_504,151,2.98,273.1,2.806,22.21,23.81,62.0
Kawano_1998_001_A-1a,105,3.00,300.0,1.277,20.80,22.40,34.0
Kawano_1998_002_A-1b,105,3.00,300.0,1.277,20.80,22.40,30.0
Kawano_1998_003_A-2a,176,3.00,500.0,1.371,23.30,24.90,85.0
Kawano_1998_004_A-2b,176,3.00,500.0,1.371,23.30,24.90,104.0
Kawano_1998_005_A-3a,350,3.00,950.0,1.181,16.70,18.30,232.1
Kawano_1998_006_A-3b,350,3.00,950.0,1.181,16.60,18.20,253.6
Kawano_1998_007_A-4a,600,3.00,2000.0,1.203,18.20,19.80,721.4
Kawano_1998_008_A-4b,600,3.00,2000.0,1.203,19.10,20.70,670.9
KimPark_1994_001_CTL-1,170,3.00,270.0,1.874,48.00,49.60,70.7
KimPark_1994_002_CTL-2,170,3.00,270.0,1.874,48.00,49.60,71.6
KimPark_1994_003_P1.0-1,170,3.00,272.0,1.012,48.00,49.60,58.3
KimPark_1994_004_P1.0-2,170,3.00,272.0,1.012,48.00,49.60,56.4
KimPark_1994_005_P3.4-1,170,3.00,267.0,3.349,48.00,49.60,78.1
KimPark_1994_006_P3.4-2,170,3.00,267.0,3.349,48.00,49.60,78.5
KimPark_1994_007_P4.6-1,170,3.00,255.0,4.676,48.00,49.60,89.7
KimPark_1994_008_P4.6-2,170,3.00,255.0,4.676,48.00,49.60,95.4
KimPark_1994_011_A4.5-1,170,4.50,270.0,1.874,48.00,49.60,66.6
KimPark_1994_012_A4.5-2,170,4.50,270.0,1.874,48.00,49.60,63.8
KimPark_1994_013_A6.0-1,170,6.00,270.0,1.874,48.00,49.60,59.2
KimPark_1994_014_A6.0-2,170,6.00,270.0,1.874,48.00,49.60,61.0
KimPark_1994_015_D142-1,170,3.00,142.0,1.872,48.00,49.60,41.0
KimPark_1994_016_D142-2,170,3.00,142.0,1.872,48.00,49.60,39.3
KimPark_1994_017_D550-1,300,3.00,550.0,1.877,48.00,49.60,226.1
KimPark_1994_018_D550-2,300,3.00,550.0,1.877,48.00,49.60,214.5
KimPark_1994_019_D915-1,300,3.00,915.0,1.872,48.00,49.60,271.8
KimPark_1994_020_D915-2,300,3.00,915.0,1.872,48.00,49.60,332.1
Krefeld_1966_003_ 11A2,152,2.71,313.9,3.310,26.21,27.81,73.4
Krefeld_1966_004_ 12A2,152,3.58,237.7,4.370,26.07,27.67,64.1
Krefeld_1966_005_ 18A2,152,2.69,316.0,2.664,15.31,16.91,63.2
Krefeld_1966_006_ 18B2,152,2.69,316.0,2.664,15.86,17.46,72.1
Krefeld_1966_007_ 18C2,152,2.69,316.0,2.664,18.62,20.22,73.4
Krefeld_1966_008_ 18D2,152,2.69,316.0,2.664,18.07,19.67,60.0
Krefeld_1966_009_13A2,152,2.67,319.0,0.798,15.93,17.53,48.5
Krefeld_1966_010_14A2,152,3.50,242.8,1.048,16.69,18.29,35.1
Krefeld_1966_011_15A2,152,2.69,316.0,1.332,16.14,17.74,45.8
Krefeld_1966_012_15B2,152,2.69,316.0,1.332,16.69,18.29,52.0
Krefeld_1966_013_16A2,152,3.55,239.8,1.755,18.21,19.81,41.8
Krefeld_1966_014_ 17A2,152,3.50,242.8,2.097,18.00,19.60,44.0
Krefeld_1966_015_18E2,152,2.69,316.0,2.664,15.79,17.39,81.8
Krefeld_1966_016_19A2,152,3.55,239.8,3.510,16.55,18.15,46.3
Krefeld_1966_017_ 20A2,152,3.58,237.7,4.370,17.03,18.63,50.7
Krefeld_1966_018_21A2,203,3.58,237.7,4.917,15.93,17.53,76.5
Krefeld_1966_020_2AC,152,4.55,254.0,1.309,19.03,20.63,37.8
Krefeld_1966_021_ 3AC,152,4.52,255.5,1.992,16.83,18.43,44.0
Krefeld_1966_022_4AC,152,4.55,254.0,2.618,12.48,14.08,37.8
Krefeld_1966_023_ 5AC,152,4.58,252.5,3.333,14.34,15.94,41.8
Krefeld_1966_024_ 6AC,152,4.61,250.4,4.149,18.83,20.43,53.4
Krefeld_1966_027_ 3CC,152,5.72,255.5,1.992,16.48,18.08,35.6
Krefeld_1966_028_4CC,152,5.75,254.0,2.618,16.55,18.15,40.0
Krefeld_1966_029_5CC,152,5.78,252.5,3.333,16.34,17.94,44.5
Krefeld_1966_035_ 3GC,152,8.10,255.5,1.992,18.45,20.05,31.6
Krefeld_1966_043_6C,152,3.37,252.5,3.333,16.14,17.74,51.2
Krefeld_1966_044_ 3AAC,152,3.33,255.5,1.992,30.55,32.15,55.6
Krefeld_1966_045_ 4AAC,152,3.35,254.0,2.618,25.21,26.81,57.8
Krefeld_1966_046_5AAC,152,3.37,252.5,3.333,28.83,30.43,56.9
Krefeld_1966_047_ 6AAC,152,3.40,250.4,4.149,30.41,32.01,60.0
Krefeld_1966_048_ 3AC,152,4.52,255.5,1.992,27.86,29.46,53.4
Krefeld_1966_049_ 4AC,152,4.55,254.0,2.618,26.48,28.08,53.8
Krefeld_1966_050_ 5AC,152,4.58,252.5,3.333,28.83,30.43,54.3
Krefeld_1966_051_ 6AC,152,4.61,250.4,4.149,30.14,31.74,59.2
Krefeld_1966_052_ 4CC,152,5.75,254.0,2.618,34.41,36.01,52.5
Krefeld_1966_053_ 5CC,152,5.78,252.5,3.333,33.45,35.05,57.4
Krefeld_1966_054_ 6CC,152,5.83,250.4,4.149,34.41,36.01,63.2
Krefeld_1966_056_ 5EC,152,6.99,252.5,3.333,33.45,35.05,53.4
Krefeld_1966_057_ 6EC,152,7.05,250.4,4.149,29.79,31.39,48.9
Krefeld_1966_059_ 4AAC,152,3.35,254.0,2.618,8.90,10.50,42.7
Krefeld_1966_060_ 5AAC,152,3.37,252.5,3.333,11.38,12.98,50.3
Krefeld_1966_062_3AC,152,4.52,255.5,1.992,9.72,11.32,36.9
Krefeld_1966_067_4CC,152,5.75,254.0,2.618,13.10,14.70,35.1
Krefeld_1966_072_ C,203,3.03,482.6,1.550,12.76,14.36,84.5
Krefeld_1966_073_PCA,152,7.05,250.4,4.149,32.28,33.88,53.4
Krefeld_1966_074_PCB,152,7.05,250.4,4.149,32.28,33.88,53.4
Krefeld_1966_075_OCA,152,5.75,254.0,2.618,31.72,33.32,48.5
Krefeld_1966_076_ OCB,152,5.75,254.0,2.618,35.03,36.63,52.5
Krefeld_1966_077_ OCA,254,3.87,455.7,2.216,34.28,35.88,146.8
Krefeld_1966_078_ OCB,254,3.87,455.7,2.216,34.28,35.88,133.4
Kung_1985_002_B,140,2.50,200.0,0.359,15.84,17.44,20.4
Kung_1985_003_C,140,2.50,200.0,0.561,15.60,17.20,26.5
Kung_1985_004_D,140,2.50,200.0,0.808,15.11,16.71,30.5
Kung_1985_005_E,140,2.50,200.0,1.100,14.87,16.47,43.0
Kung_1985_006_F,140,2.50,200.0,1.818,14.38,15.98,54.0
Kung_1985_007_D-1,140,2.50,200.0,0.808,17.69,19.29,42.9
Kung_1985_008_E-1,140,2.50,200.0,1.100,15.92,17.52,40.4
KuhlmannEhmann_2001_001_A6-L,402,2.86,250.0,1.563,45.60,47.20,198.8
KuhlmannEhmann_2001_002_A6-R,402,4.86,250.0,1.563,45.60,47.20,146.5
KuhlmannZilch_2002_001_B1/l,400,2.86,250.0,1.924,43.60,45.20,187.3
KuhlmannZilch_2002_002_B1/r,400,4.86,250.0,1.924,43.60,45.20,149.8
KuhlmannZilch_2002_003_C3,400,3.86,250.0,1.571,39.44,41.04,138.2
KuhlmannZilch_2002_004_C6,400,3.86,250.0,1.571,40.31,41.91,138.5
Kulkarni_1998_005_B4JL20-S,102,5.00,152.0,1.379,36.58,38.18,19.5
Kulkarni_1998_007_B3SE03-S,102,4.50,152.0,1.379,39.58,41.18,23.0
Kulkarni_1998_011_B3NO15-S,102,4.00,152.0,1.379,37.64,39.24,22.7
Kulkarni_1998_013_B3NO30-S,102,3.50,152.0,1.379,39.58,41.18,24.2
Laupa_1953_002_ S2,152,4.82,268.7,2.088,22.90,24.50,43.2
Laupa_1953_003_ S3,152,4.89,265.2,2.508,28.34,29.94,53.8
Laupa_1953_004_S4,152,4.92,263.4,3.195,26.83,28.43,56.3
Laupa_1953_005_ S5,152,4.95,261.9,3.968,25.86,27.46,50.5
Laupa_1953_008_ S11,152,4.85,267.0,1.907,10.76,12.36,34.5
Laupa_1953_009_ S13,152,4.95,261.9,3.968,22.21,23.81,50.5
Leonhardt_1962_004_P4,500,3.38,145.0,1.404,9.34,10.94,99.1
Leonhardt_1962_018_4l,190,2.48,270.0,2.070,26.41,28.01,81.2
Leonhardt_1962_019_4r,190,2.48,270.0,2.070,26.41,28.01,86.6
Leonhardt_1962_020_5l,190,3.00,270.0,2.070,26.41,28.01,59.8
Leonhardt_1962_021_5r,190,3.00,270.0,2.070,26.41,28.01,75.8
Leonhardt_1962_022_6l,190,4.07,270.0,2.070,26.41,28.01,59.7
Leonhardt_1962_023_6r,190,4.07,270.0,2.070,26.41,28.01,67.2
Leonhardt_1962_024_ 7-1,190,4.86,278.0,2.010,26.12,27.72,60.9
Leonhardt_1962_025_ 7-2,190,4.86,278.0,2.010,26.12,27.72,67.0
Leonhardt_1962_026_ 8-1,190,5.83,278.0,2.010,29.55,31.15,64.0
Leonhardt_1962_027_ 8-2,190,5.91,274.0,2.040,29.55,31.15,64.2
Leonhardt_1962_028_ EA1,190,2.78,270.0,2.156,16.41,18.01,59.2
Leonhardt_1962_029_ EA2,190,2.78,270.0,1.776,16.41,18.01,75.5
Leonhardt_1962_030_ D1/1,50,3.00,70.0,1.616,25.54,27.14,7.3
Leonhardt_1962_031_ D1/2,50,3.00,70.0,1.616,25.54,27.14,7.2
Leonhardt_1962_032_ D2/1,100,3.00,140.0,1.616,27.30,28.90,21.3
Leonhardt_1962_033_ D2/2,100,3.00,140.0,1.616,27.30,28.90,23.4
Leonhardt_1962_034_ D3/1,150,3.00,210.0,1.616,29.78,31.38,46.8
Leonhardt_1962_035_ D3/2l,150,3.00,210.0,1.616,29.78,31.38,41.6
Leonhardt_1962_036_ D3/2r,150,3.00,210.0,1.616,29.78,31.38,44.9
Leonhardt_1962_037_ D4/1,200,3.00,280.0,1.675,30.56,32.16,75.1
Leonhardt_1962_038_ D4/2l,200,3.00,280.0,1.675,30.56,32.16,75.0
Leonhardt_1962_039_ D4/2r,200,3.00,280.0,1.675,30.56,32.16,69.6
Leonhardt_1962_040_ C1,100,3.00,150.0,1.327,34.30,35.90,21.7
Leonhardt_1962_041_ C2,150,3.00,300.0,1.340,34.30,35.90,65.5
Leonhardt_1962_042_ C3,200,3.00,450.0,1.340,34.30,35.90,100.5
Leonhardt_1962_043_ C4,225,3.00,600.0,1.340,34.30,35.90,150.8
Leonhardt_1962_044_E6,190,2.78,270.0,2.401,24.30,25.90,92.0
Marti_1977_001_PS6,400,3.83,167.0,1.844,25.33,26.93,113.4
Marti_1977_003_PS11,400,3.83,167.0,1.383,25.53,27.13,98.6
Mathey_1963_017_ IIIa- 17,203,3.78,402.8,2.545,25.24,26.84,88.1
Mathey_1963_018_ IIIa-18,203,3.78,402.8,2.545,21.17,22.77,80.7
Mathey_1963_019_ Va-19,203,3.78,402.8,0.932,19.52,21.12,63.3
Mathey_1963_020_ Va-20,203,3.78,402.8,0.932,21.59,23.19,65.9
Mathey_1963_021_ VIb-21,203,2.84,402.8,0.841,22.14,23.74,71.4
Mathey_1963_022_ VIb-22,203,2.84,402.8,0.841,21.79,23.39,62.4
Mathey_1963_023_ VIb-23,203,2.84,402.8,0.841,26.55,28.15,75.1
Mathey_1963_024_ VIa-24,203,3.78,402.8,0.468,22.34,23.94,54.5
Mathey_1963_025_ VIa-25,203,3.78,402.8,0.468,21.79,23.39,49.9
Moayer2_1974_001_P41,150,3.50,279.4,1.891,40.00,41.60,69.8
Moody_1954_013_A1,178,2.96,261.6,2.166,26.34,27.94,60.6
Moody_1954_014_A2,178,2.90,266.7,2.137,27.03,28.63,67.3
Moody_1954_015_A3,178,2.89,268.0,2.227,27.03,28.63,76.2
Moody_1954_016_A4,178,2.87,270.0,2.375,27.52,29.12,71.7
Moody_1954_017_B1,178,2.90,266.7,1.603,17.17,18.77,56.8
Moody_1954_018_B2,178,2.89,268.0,1.628,17.59,19.19,60.6
Moody_1954_019_B3,178,2.87,270.0,1.600,15.24,16.84,56.1
Moody_1954_020_B4,178,2.85,271.5,1.640,12.76,14.36,56.1
Moody_1954_025_1,152,3.41,268.2,1.898,32.69,34.29,58.8
Moody_1954_026_2,152,3.41,268.2,1.898,12.69,14.29,36.6
Moody_1954_027_3,152,3.41,268.2,1.898,21.79,23.39,53.3
Moody_1954_028_4,152,3.41,268.2,1.898,11.38,12.98,41.5
Moody_1954_029_5,152,3.41,268.2,1.898,26.69,28.29,53.1
Moody_1954_030_6,152,3.41,268.2,1.898,11.79,13.39,35.5
Moody_1954_031_7,152,3.41,268.2,1.898,26.90,28.50,52.2
Moody_1954_033_9,152,3.41,268.2,1.898,37.17,38.77,54.4
Moody_1954_034_10,152,3.41,268.2,1.898,19.93,21.53,49.9
Moody_1954_035_11,152,3.41,268.2,1.898,34.14,35.74,61.1
Moody_1954_036_12,152,3.41,268.2,1.898,16.21,17.81,48.2
Moody_1954_037_13,152,3.41,268.2,1.898,33.79,35.39,56.6
Moody_1954_038_14,152,3.41,268.2,1.898,18.55,20.15,44.2
Moody_1954_039_15,152,3.41,268.2,1.898,33.38,34.98,52.2
Moody_1954_040_16,152,3.41,268.2,1.898,12.34,13.94,38.8
Morrow_1957_025_ B40 B4,305,3.00,368.3,1.890,30.76,32.36,157.6
Morrow_1957_026_ B56 B2,305,4.10,368.3,1.890,10.69,12.29,102.6
Morrow_1957_028_ B56 A4,305,4.03,374.7,2.454,20.97,22.57,140.4
Morrow_1957_029_ B56 B4,305,4.10,368.3,1.890,23.24,24.84,124.8
Morrow_1957_030_ B56 E4,305,4.10,368.3,1.270,24.41,26.01,111.5
Morrow_1957_031_ B56 A6,308,4.25,355.6,3.867,35.86,37.46,180.5
Morrow_1957_032_ B56 B6,305,4.07,371.6,1.873,41.72,43.32,139.3
Morrow_1957_033_ B70 B2,305,5.11,365.3,1.906,12.34,13.94,92.0
Morrow_1957_034_ B70 A4,305,5.07,368.3,2.497,23.24,24.84,135.4
Morrow_1957_035_ B70 A6,305,5.25,355.6,3.909,40.97,42.57,181.0
Morrow_1957_036_ B84 B4,305,6.11,363.5,1.915,23.24,24.84,114.8
Morrow_1957_037_ B113 B4,305,8.10,365.3,1.906,28.62,30.22,109.0
Mphonde_1984_001_AO-3-3b,152,3.49,298.5,3.342,17.29,18.89,64.6
Mphonde_1984_002_AO-3-3c,152,3.49,298.5,2.333,23.83,25.43,66.8
Mphonde_1984_003_AO-7-3a,152,3.49,298.5,3.342,34.63,36.23,82.2
Mphonde_1984_004_AO-7-3b,152,3.49,298.5,3.342,38.69,40.29,82.8
Mphonde_1984_005_AO-11-3a,152,3.49,298.5,3.342,72.85,74.45,89.7
Mphonde_1984_006_AO-11-3b,152,3.49,298.5,3.342,72.55,74.15,89.4
Mphonde_1984_007_AO-15-3a,152,3.49,298.5,3.342,79.43,81.03,93.4
Mphonde_1984_008_AO-15-3b,152,3.49,298.5,3.342,92.08,93.68,100.0
Mphonde_1984_009_AO-15-3c,152,3.49,298.5,3.342,90.19,91.79,97.8
Mphonde_1984_010_AO-3-2,152,2.41,298.5,3.342,17.12,18.72,77.8
Mphonde_1984_011_AO-7-2,152,2.41,298.5,3.342,42.32,43.92,117.9
Mphonde_1984_012_AO-11-2,152,2.41,298.5,3.342,77.31,78.91,111.3
Mphonde_1984_013_AO-15-2a,152,2.41,298.5,3.342,81.91,83.51,177.8
Mphonde_1984_014_AO-15-2b,152,2.41,298.5,3.342,67.18,68.78,205.7
Niwa_1987_001_1,600,2.98,2000.0,0.277,23.12,24.72,402.0
Niwa_1987_002_2,600,2.98,2000.0,0.139,22.24,23.84,382.0
Niwa_1987_003_3,300,2.98,1000.0,0.139,20.60,22.20,113.5
Podgomiak_1998_001_BRL100,300,2.88,925.0,0.506,90.00,91.60,165.6
Podgomiak_1998_001_BRH100,300,2.97,895.0,3.138,90.00,91.60,690.4
Podgomiak_1998_002_BN100,300,2.88,925.0,0.759,33.00,34.60,193.6
Podgomiak_1998_003_BH100,300,2.88,925.0,0.759,95.00,96.60,195.0
Podgomiak_1998_004_BN50,300,2.92,450.0,0.812,33.00,34.60,132.4
Podgomiak_1998_005_BH50,300,2.92,450.0,0.812,95.00,96.60,132.0
Podgomiak_1998_006_BN25,300,2.95,225.0,0.894,33.00,34.60,73.0
Podgomiak_1998_007_BH25,300,2.95,225.0,0.894,95.00,96.60,85.2
Rajagopalan_1968_001_S-13,152,4.22,264.9,1.729,19.72,21.32,40.0
Rajagopalan_1968_002_S-1,154,3.93,258.6,1.426,32.55,34.15,35.6
Rajagopalan_1968_003_S-2,154,3.83,265.2,0.980,29.10,30.70,37.4
Rajagopalan_1968_004_S-3,152,4.19,266.7,0.810,24.97,26.57,31.1
Rajagopalan_1968_005_S-4,152,4.17,268.2,0.631,29.10,30.70,28.0
Rajagopalan_1968_006_S-5,152,4.27,261.9,0.529,23.93,25.53,33.6
Rajagopalan_1968_007_S-9,152,4.27,261.6,0.531,21.10,22.70,24.5
Rajagopalan_1968_008_S-6,151,4.18,267.5,0.349,27.03,28.63,27.4
Rajagopalan_1968_009_S-7,152,4.17,268.2,0.253,24.62,26.22,30.0
Rajagopalan_1968_010_S-12,153,4.16,268.5,0.251,25.66,27.26,24.6
Regan_1971_001_R1,152,3.27,272.0,1.459,21.89,23.49,46.0
Regan_1971_002_R2,152,3.27,272.0,1.459,21.89,23.49,48.0
Regan_1971_003_R3,152,3.27,272.0,1.459,20.47,22.07,46.0
Regan_1971_007_R7,152,3.27,272.0,1.459,23.79,25.39,56.0
Regan_1971_008_R29,152,3.27,272.0,1.459,25.92,27.52,54.0
Regan_1971_009_K3,152,6.63,272.0,3.891,28.68,30.28,62.0
Rehm_1978_001_P 1,900,3.19,313.0,1.214,19.68,21.28,333.1
Reinneck_1978_002_N6,500,2.50,226.0,0.785,21.78,23.38,120.4
Reinneck_1978_003_N7,500,2.50,225.0,1.395,20.62,22.22,142.4
Reinneck_1978_004_N8,500,3.50,226.0,0.785,21.78,23.38,104.1
Remmel_1991_002_2,150,3.06,165.0,1.866,81.07,82.67,48.0
Remmel_1991_003_3,150,4.00,165.0,1.866,81.07,82.67,46.3
Remmel_1991_005_5,150,3.06,160.0,4.091,80.49,82.09,60.2
Remmel_1991_006_6,150,4.00,160.0,4.091,80.49,82.09,57.6
Rosenbusch_2002_001_1.2 / 1,200,3.37,260.0,3.552,39.42,41.02,91.2
Rosenbusch_2002_003_2.3 / 1,200,2.48,262.0,1.151,35.59,37.19,79.7
Rosenbusch_2002_004_2.4 / 1,200,2.40,260.0,1.812,35.59,37.19,121.1
Rosenbusch_2002_005_2.6 / 1,200,3.94,260.0,1.812,36.29,37.89,75.9
Ruesch_1962_001_X,90,3.60,111.0,2.650,19.01,20.61,14.7
Ruesch_1962_002_Y,120,3.60,199.0,2.654,19.01,20.61,30.6
Ruesch_1962_003_Z,180,3.62,262.0,2.643,20.23,21.83,56.0
Salandra_1989_003_LR-2.59-NS,102,2.59,171.5,1.454,50.77,52.37,26.7
Salandra_1989_004_LR-3.63-NS,102,3.63,171.5,1.454,49.03,50.63,21.8
Salandra_1989_007_HR-2.59-NS,102,2.59,171.5,1.454,64.12,65.72,29.8
Salandra_1989_008_HR-3.63-NS,102,3.63,171.5,1.454,66.13,67.73,20.0
Scholz_1994_002_A-2,200,3.00,372.0,0.811,76.60,78.20,85.3
Scholz_1994_005_B-2,200,3.00,368.0,2.001,80.50,82.10,127.3
Scholz_1994_006_B-3,200,4.00,368.0,2.001,80.50,82.10,111.9
Scholz_1994_008_C-2,200,3.00,366.0,3.365,79.90,81.50,123.3
Scholz_1994_009_C-3,200,4.00,366.0,3.365,79.90,81.50,108.0
Scholz_1994_011_D-2,200,3.00,362.0,1.944,92.80,94.40,123.3
Scholz_1994_012_D-3,200,4.00,362.0,1.944,92.80,94.40,123.0
Shin_1999_003_MHB 2.5-0,125,2.45,215.0,3.771,48.00,49.60,56.6
Shin_1999_006_HB 2.5-0,125,2.45,215.0,3.771,69.00,70.60,85.0
Swamy_1971_001_M1N3D,152,3.00,171.5,4.363,18.05,19.65,81.8
Swamy_1971_002_M1N3,152,3.00,171.5,4.363,25.40,27.00,86.7
Swamy_1971_003_M1N3A,152,3.00,171.5,4.363,26.58,28.18,78.6
Swamy_1971_004_M1N3B,152,3.00,171.5,4.363,23.83,25.43,82.0
Swamy_1971_005_M2N3A,76,3.01,85.6,4.370,26.58,28.18,26.5
Swamy_1971_006_M2N3,76,3.01,85.6,4.370,27.66,29.26,22.4
Swamy_1971_007_M2N3B,76,3.01,85.6,4.370,26.87,28.47,22.5
Swamy_1971_008_M2N3C,76,3.01,85.6,4.370,25.16,26.76,22.9
Swamy_1971_009_M3N3B,51,3.00,57.2,4.363,26.87,28.47,13.1
Swamy_1971_010_M3N3,51,3.00,57.2,4.363,25.89,27.49,11.4
Swamy_1971_011_M3N3C,51,3.00,57.2,4.363,25.16,26.76,9.5
Swamy_1971_012_M1N8,152,8.00,171.5,4.363,28.34,29.94,48.6
Swamy_1971_015_M3N4,152,4.00,171.5,4.363,26.58,28.18,66.1
Swamy_1971_016_M2N4,76,4.01,85.6,4.370,25.40,27.00,17.7
Swamy_1971_017_M3N4,51,4.00,57.2,4.363,25.65,27.25,7.8
Taylor1_1968_001_1A,203,3.02,369.9,1.032,24.86,26.46,61.8
Taylor1_1968_002_2A,203,3.02,369.9,1.548,29.21,30.81,91.6
Taylor1_1968_005_5A,203,2.47,369.9,1.032,25.95,27.55,80.5
Taylor1_1968_007_1B,203,3.02,369.9,1.032,24.86,26.46,75.6
Taylor1_1968_008_2B,203,3.02,369.9,1.548,29.21,30.81,100.5
Taylor1_1968_009_3B,203,3.02,369.9,1.032,27.58,29.18,76.1
Taylor1_1968_011_5B,203,2.47,369.9,1.032,25.95,27.55,80.5
Taylor1_1968_012_6B,203,3.50,369.9,1.032,23.77,25.37,77.8
Taylor2_1972_001_A1,400,3.01,930.0,1.351,24.74,26.34,358.4
Taylor2_1972_002_A2,400,3.01,930.0,1.351,18.59,20.19,328.4
Taylor2_1972_003_B1,200,3.01,465.0,1.351,22.84,24.44,104.3
Taylor2_1972_004_B2,200,3.01,465.0,1.351,18.03,19.63,87.3
Taylor2_1972_005_B3,200,3.01,465.0,1.351,24.42,26.02,85.3
Walraven_1978_001_A1,200,3.00,125.0,0.829,20.11,21.71,29.8
Walraven_1978_002_A2,200,3.00,420.0,0.741,20.11,21.71,70.6
Walraven_1978_003_A3,200,3.00,720.0,0.792,20.42,22.02,100.8
Xie_1994_003_NNN-3,127,2.93,215.9,2.079,34.47,36.07,36.9
Xie_1994_006_NHN-3,127,2.93,215.9,2.079,96.92,98.52,46.0
Yoon_1996_001_N1-S,375,3.23,655.0,2.878,32.00,33.60,249.0
Yoon_1996_002_M1-S,375,3.23,655.0,2.878,63.00,64.60,296.0
Yoon_1996_003_H1-S,375,3.23,655.0,2.878,83.00,84.60,327.0
Yoshida_2000_001_YB2000/0,300,2.82,1890.0,0.741,29.60,31.20,255.0
Lubell_2006_001_AW1,1170,3.30,538.0,0.794,32.90,34.50,585.0
Lubell_2006_002_AW4,1168,3.51,506.0,1.692,35.90,37.50,725.0
Lubell_2006_003_AW8,1169,3.57,507.0,1.687,35.40,37.00,800.0
Lubell_2006_004_AX6,703,3.48,288.0,1.729,37.00,38.60,282.5
Lubell_2006_005_AX7,704,3.49,287.0,1.039,37.00,38.60,250.5
Lubell_2006_006_AX8,705,3.47,289.0,1.718,37.00,38.60,272.0
Lubell_2006_007_AY1,249,2.91,434.0,0.328,36.70,38.30,85.3
Sherwood_2008_001_L-10N1,300,2.87,1400.0,0.833,34.40,36.00,270.6
Sherwood_2008_002_L-10N2,300,2.87,1400.0,0.833,36.30,37.90,247.9
Sherwood_2008_003_L-10H,300,2.87,1400.0,0.833,69.60,71.20,240.4
Sherwood_2008_004_L-20N1,300,2.87,1400.0,0.833,27.40,29.00,268.4
Sherwood_2008_005_L-20N2,300,2.87,1400.0,0.833,29.20,30.80,272.5
Sherwood_2008_006_L-40N1,300,2.87,1400.0,0.833,24.10,25.70,245.0
Sherwood_2008_007_L-40N2,300,2.87,1400.0,0.833,24.50,26.10,290.7
Sherwood_2008_008_L-50N1,300,2.87,1400.0,0.833,37.00,38.60,274.3
Sherwood_2008_009_L-50N2,300,2.87,1400.0,0.833,36.10,37.70,299.1
Sherwood_2008_010_L-50N2R,300,2.87,1400.0,0.833,36.10,37.70,331.2
Sherwood_2008_011_S-10N1,122,2.78,280.0,0.835,37.90,39.50,36.7
Sherwood_2008_012_S-10N2,122,2.78,280.0,0.835,37.90,39.50,38.3
Sherwood_2008_013_S-10H,122,2.78,280.0,0.835,73.30,74.90,37.7
Sherwood_2008_014_S-20N1,122,2.78,280.0,0.835,35.20,36.80,39.2
Sherwood_2008_015_S-20N2,122,2.78,280.0,0.835,34.10,35.70,38.3
Sherwood_2008_016_S-40N1,122,2.78,280.0,0.835,25.10,26.70,41.7
Sherwood_2008_017_S-40N2,122,2.78,280.0,0.835,25.10,26.70,34.9
Sherwood_2008_018_S-50N1,122,2.78,280.0,0.835,39.50,41.10,38.5
Sherwood_2008_019_S-50N2,122,2.78,280.0,0.835,39.50,41.10,40.6
Sherwood_2008_020_L-20L,295,2.77,1450.0,0.254,31.40,33.00,188.4
Sherwood_2008_021_L-20LR,295,2.77,1450.0,0.254,31.40,33.00,225.8
Thiele_2010_001_T1-ohne,400,4.15,248.0,0.931,21.60,23.20,107.4
Thiele_2010_002_T7_70_oben,400,3.47,297.0,1.354,20.63,22.23,130.9
Thiele_2010_003_T9-ohne,400,4.97,167.0,2.408,37.76,39.36,112.2
Thiele_2010_004_T13-ohne,400,3.82,217.0,1.853,38.47,40.07,127.8
Thiele_2010_005_T10_40_oben,400,4.97,167.0,2.408,37.76,39.36,102.4
Injaganeri_2007_001_H20-0-0,150,2.88,161.0,2.498,46.40,48.00,56.2
Injaganeri_2007_002_H40-0-0,150,2.95,345.0,2.331,54.50,56.10,120.8
Injaganeri_2007_003_H60-0-0,150,2.97,536.0,3.126,54.50,56.10,171.8
Winkler_2011_001_SB2,150,3.91,200.0,1.194,31.10,32.70,42.0
Winkler_2011_002_SB3,150,3.92,300.0,1.180,31.10,32.70,52.4
Winkler_2011_003_SB4,225,3.93,450.0,1.204,31.10,32.70,93.4
Winkler_2011_004_SB5,300,3.94,600.0,1.199,31.10,32.70,165.7
Winkler_2011_005_SB6,450,3.94,900.0,1.200,31.10,32.70,304.2
Rosenbusch_2003_001_1.1-1 ,200,3.37,260.0,0.652,39.42,41.02,50.6
Rosenbusch_2003_002_1.2-1,200,3.37,260.0,3.552,39.42,41.02,91.1
Tureyen_2002_001_V-S-1,457,3.28,360.4,0.961,36.90,38.50,179.1
Tureyen_2002_002_V-S-2,457,3.28,360.4,1.922,37.38,38.98,203.0
Tureyen_2002_003_V-D-2,457,3.28,360.4,0.360,39.66,41.26,134.4
bentz_2005_001_SBB1.1,104,2.80,84.0,1.625,31.60,33.20,14.5
bentz_2005_002_SBB1.2,105,2.80,84.0,1.610,31.60,33.20,18.5
bentz_2005_003_SBB1.3,104,2.80,84.0,1.625,31.60,33.20,15.0
bentz_2005_004_SBB2.1,106,2.87,168.0,1.595,30.30,31.90,28.9
bentz_2005_005_SBB2.2,105,2.87,168.0,1.610,30.30,31.90,30.6
bentz_2005_006_SBB2.3,106,2.91,166.0,1.614,30.30,31.90,29.8
bentz_2005_007_SBB3.1,105,2.94,333.0,1.550,32.10,33.70,42.5
bentz_2005_008_SBB3.2,101,2.94,333.0,1.612,32.10,33.70,41.0
bentz_2005_009_SBB3.3,101,2.94,333.0,1.612,32.10,33.70,43.3
Tanimura_2005_011_45,300,2.50,400.0,2.202,93.20,94.80,345.0
Sneed_2007_001_1-1,305,2.91,233.3,1.202,62.07,63.67,131.1
Sneed_2007_002_1-2,306,2.89,531.7,1.244,62.07,63.67,139.3
Sneed_2007_003_1-3,305,2.89,681.0,1.242,61.03,62.63,146.5
Sneed_2007_004_1-4,306,2.89,822.1,1.600,70.76,72.36,165.2
Sneed_2007_005_2-1,203,2.89,234.9,1.244,64.55,66.15,57.3
Sneed_2007_006_2-2,408,2.92,527.1,1.199,60.83,62.43,155.0
Sneed_2007_007_2-3,508,2.87,684.2,1.299,64.14,65.74,260.8
Sneed_2007_008_2-4,613,2.90,820.3,1.603,68.90,70.50,344.2
Feldman_1955_001_D-1,152,2.77,252.5,3.351,26.83,28.43,60.1
Feldman_1955_002_D-2,152,2.77,252.5,3.351,34.55,36.15,71.3
Feldman_1955_003_D-3,152,3.32,252.5,3.351,29.24,30.84,56.9
Feldman_1955_006_D-6,152,2.77,252.5,3.351,19.79,21.39,61.7
Krefeld_1996_020_2AU,152,2.40,254.0,1.309,17.17,18.77,43.3
Krefeld_1996_022_4AU,152,2.40,254.0,2.618,13.86,15.46,51.6
Krefeld_1996_023_5AU,152,2.41,252.5,3.351,16.62,18.22,62.8
Krefeld_1996_026_2CU,152,3.00,254.0,1.309,16.83,18.43,32.9
Krefeld_1996_027_3CU,152,2.98,255.5,1.992,16.48,18.08,42.9
Krefeld_1996_028_4CU,152,3.00,254.0,2.618,16.55,18.15,48.2
Krefeld_1996_029_5CU,152,3.02,252.5,3.351,16.41,18.01,50.0
Krefeld_1996_030_6CU,152,3.04,250.4,4.283,16.55,18.15,47.3
Krefeld_1996_031_3EU,152,3.58,255.5,1.992,13.59,15.19,41.3
Krefeld_1996_032_4EU,152,3.60,254.0,2.618,16.24,17.84,49.0
Krefeld_1996_035_3GU,152,4.17,255.5,1.992,18.62,20.22,42.4
Krefeld_1996_037_5GU,152,4.23,252.5,3.351,17.28,18.88,47.5
Krefeld_1996_039_3JU,152,4.77,255.5,1.992,18.21,19.81,36.5
Krefeld_1996_048_4AU,152,2.40,254.0,2.618,27.66,29.26,66.8
Krefeld_1996_049_5AU,152,2.41,252.5,3.351,27.66,29.26,75.5
Krefeld_1996_050_6AU,152,2.43,250.4,4.283,30.14,31.74,88.2
Krefeld_1996_051_4CU,152,3.00,254.0,2.618,28.28,29.88,58.9
Krefeld_1996_052_5CU,152,3.02,252.5,3.351,28.28,29.88,57.7
Krefeld_1996_053_6CU,152,3.04,250.7,4.278,32.83,34.43,65.5
Krefeld_1996_063_4CU,152,3.00,254.0,2.618,13.10,14.70,42.5
Krefeld_1996_067_4EU,152,3.60,254.0,2.618,10.28,11.88,33.8
Leonhardt_1962_007_14/1,190,2.75,273.0,2.047,28.28,29.88,63.6
Leonhardt_1962_008_14/2,190,2.75,273.0,2.047,28.28,29.88,62.6
Leonhardt_1962_009_15/1,190,3.68,272.0,2.055,32.79,34.39,61.5
Leonhardt_1962_010_15/2,189,3.66,273.0,2.058,32.79,34.39,67.5
Leonhardt_1962_011_16/1,190,4.58,273.0,2.047,30.34,31.94,67.8
Leonhardt_1962_012_16/2,189,4.56,274.0,2.050,30.34,31.94,70.1
Regan_1971_001_UL1,152,3.18,265.0,2.995,30.97,32.57,63.9
Shioya_1989_005_UB-10-1.3-0,300,2.50,200.0,1.327,16.10,17.70,47.5
Shioya_1985_003_2-3,300,3.00,600.0,0.427,17.10,18.70,72.0
Shioya_1985_004_2-4,500,3.00,1000.0,0.399,23.20,24.80,157.0
Shioya_1985_005_2-5,500,3.00,1000.0,0.399,17.90,19.50,170.0
Shioya_1985_006_2-6,1000,3.00,2000.0,0.398,24.50,26.10,539.0
Shioya_1985_007_2-7,1500,3.00,3000.0,0.406,20.30,21.90,1102.5
Shioya_1989_004_3-4,300,3.00,600.0,0.427,23.30,24.90,58.8
Shioya_1989_006_3-6,500,3.00,1000.0,0.399,24.20,25.80,120.4
,,,,,,,
,,,,,,,
,,,,,,,
,,,,,,,
,,,,,,,
,,,,,,,
,,,,,,,
,,,,,,,
